ID,Class
750,Nigam
751,Hayes
752,Goonan
753,Dent
754,Engineer
755,McKee
756,Morrison
757,Messick
758,Shea
759,Shea
760,Chachra
761,Merritt
762,Davisson
763,Walters
764,Hayes
765,Engineer
766,Grove
767,Mahlers2nd
768,Walters
769,Dent
770,Calvinnme
771,Auken
772,Lawyeraau
773,Koenig
774,Chachra
775,Comdet
776,Cutey
777,Lee
778,Koenig
779,Corn
780,Cholette
781,Agresti
782,Chachra
783,Robert
784,Wilson
785,CFH
786,Corn
787,Harp
788,Shea
789,Cutey
790,Riley
791,Vernon
792,Morrison
793,Ashbacher
794,CFH
795,Merritt
796,Riley
797,Chandler
798,Mahlers2nd
799,Vision
800,Wilson
801,Vision
802,Janson
803,Robert
804,Comdet
805,Walters
806,Chandler
807,Agresti
808,Agresti
809,Engineer
810,Chachra
811,Goonan
812,Vision
813,Sherwin
814,Corn
815,Nigam
816,Calvinnme
817,Messick
818,Johnson
819,Taylor
820,Power
821,Harp
822,Mark
823,Blankenship
824,Auken
825,Chachra
826,Auken
827,Riley
828,Lovitt
829,Hayes
830,Mahlers2nd
831,Kolln
832,Ashbacher
833,Cholette
834,Sherwin
835,Engineer
836,Johnson
837,Bukowsky
838,Dent
839,Dent
840,Shea
841,Chandler
842,Messick
843,Taylor
844,Chachra
845,Janson
846,CFH
847,Peterson
848,Janson
849,Chachra
850,Brown
851,Lawyeraau
852,Dent
853,Messick
854,Chell
855,Cholette
856,Johnson
857,Vision
858,Chachra
859,Cholette
860,Merritt
861,Davisson
862,Taylor
863,Messick
864,Davisson
865,Grove
866,Mark
867,Messick
868,Messick
869,Chandler
870,Corn
871,Harp
872,Corn
873,Chandler
874,Chachra
875,Messick
876,Janson
877,Kolln
878,Bukowsky
879,Walters
880,Comdet
881,Engineer
882,Riley
883,McKee
884,Corn
885,Morrison
886,Cutey
887,Vernon
888,Goonan
889,Walters
890,Grove
891,Shea
892,Taylor
893,Blankenship
894,Vernon
895,Hayes
896,Agresti
897,Merritt
898,Goonan
899,Engineer
900,Ashbacher
901,Corn
902,Koenig
903,Mahlers2nd
904,McKee
905,Kolln
906,Dent
907,Engineer
908,Merritt
909,Chachra
910,Chachra
911,Comdet
912,Chell
913,Brown
914,Taylor
915,Chachra
916,Neal
917,CFH
918,Walters
919,Goonan
920,Cholette
921,Chachra
922,Mahlers2nd
923,Mark
924,Taylor
925,Peterson
926,Koenig
927,Peterson
928,Grove
929,Chachra
930,Morrison
931,Vision
932,McKee
933,Mahlers2nd
934,Goonan
935,Corn
936,Bukowsky
937,Harp
938,Mahlers2nd
939,Riley
940,Koenig
941,Grove
942,Robert
943,Goonan
944,Grove
945,Lawyeraau
946,Agresti
947,Bukowsky
948,Robert
949,Power
950,Hayes
951,McKee
952,Power
953,Chandler
954,Messick
955,Lee
956,Messick
957,Robert
958,Cholette
959,Mitchell
960,Nigam
961,Bukowsky
962,Taylor
963,Messick
964,Goonan
965,Robert
966,Brown
967,Koenig
968,Corn
969,Lawyeraau
970,Robert
971,Johnson
972,Davisson
973,Riley
974,Agresti
975,Johnson
976,Harp
977,Hayes
978,Harp
979,Robert
980,Goonan
981,Engineer
982,CFH
983,Comdet
984,Neal
985,Chandler
986,Kolln
987,Lawyeraau
988,Corn
989,Power
990,Robert
991,Wilson
992,Dent
993,Kolln
994,Mark
995,Merritt
996,Lawyeraau
997,Power
998,Shea
999,Chell
1000,Taylor
1001,Blankenship
1002,Hayes
1003,Mahlers2nd
1004,Harp
1005,Calvinnme
1006,Auken
1007,Mark
1008,Chandler
1009,Taylor
1010,Messick
1011,Lee
1012,Neal
1013,Lawyeraau
1014,Grove
1015,McKee
1016,Peterson
1017,Brody
1018,Merritt
1019,CFH
1020,Vision
1021,Agresti
1022,Dent
1023,Koenig
1024,Lovitt
1025,Harp
1026,Neal
1027,Lawyeraau
1028,Hayes
1029,Chell
1030,Shea
1031,Lee
1032,Riley
1033,Nigam
1034,Chell
1035,Johnson
1036,Mitchell
1037,Sherwin
1038,Ashbacher
1039,Harp
1040,Messick
1041,Mahlers2nd
1042,Auken
1043,Engineer
1044,Engineer
1045,Janson
1046,Sherwin
1047,Morrison
1048,Kolln
1049,Neal
1050,Goonan
1051,Engineer
1052,Lawyeraau
1053,Engineer
1054,Power
1055,Lawyeraau
1056,Engineer
1057,Lovitt
1058,Harp
1059,Taylor
1060,Cutey
1061,Wilson
1062,Mitchell
1063,Vernon
1064,Harp
1065,Corn
1066,Morrison
1067,Cholette
1068,Cutey
1069,Comdet
1070,Walters
1071,Hayes
1072,Dent
1073,Blankenship
1074,Vision
1075,Merritt
1076,Shea
1077,Vernon
1078,Robert
1079,Bukowsky
1080,Agresti
1081,Harp
1082,Blankenship
1083,Vernon
1084,Neal
1085,Mitchell
1086,Chachra
1087,Messick
1088,Harp
1089,Agresti
1090,Dent
1091,Agresti
1092,Kolln
1093,Mahlers2nd
1094,Ashbacher
1095,Walters
1096,Peterson
1097,Mahlers2nd
1098,Cholette
1099,Brody
1100,McKee
1101,Mitchell
1102,Comdet
1103,Comdet
1104,Robert
1105,Merritt
1106,Cutey
1107,Agresti
1108,Chell
1109,Power
1110,Dent
1111,Cutey
1112,Corn
1113,Chell
1114,Janson
1115,Neal
1116,CFH
1117,Brown
1118,Janson
1119,Sherwin
1120,Walters
1121,Bukowsky
1122,Lawyeraau
1123,Grove
1124,Mahlers2nd
1125,Vernon
1126,Lee
1127,Corn
1128,Messick
1129,Corn
1130,Robert
1131,Blankenship
1132,Mahlers2nd
1133,Chandler
1134,Koenig
1135,Calvinnme
1136,McKee
1137,Peterson
1138,Koenig
1139,Cholette
1140,Vision
1141,Merritt
1142,Goonan
1143,Mark
1144,Grove
1145,Harp
1146,Vision
1147,Agresti
1148,Corn
1149,Vision
1150,Merritt
1151,Blankenship
1152,Neal
1153,Peterson
1154,Messick
1155,Shea
1156,Mark
1157,Peterson
1158,Goonan
1159,Ashbacher
1160,Chachra
1161,Cutey
1162,Calvinnme
1163,McKee
1164,Lovitt
1165,Johnson
1166,Taylor
1167,Johnson
1168,Goonan
1169,Bukowsky
1170,Davisson
1171,Neal
1172,Agresti
1173,Dent
1174,Chell
1175,Power
1176,Davisson
1177,Kolln
1178,Walters
1179,Riley
1180,Ashbacher
1181,Taylor
1182,Mitchell
1183,McKee
1184,Mitchell
1185,McKee
1186,Lovitt
1187,Harp
1188,Auken
1189,Chandler
1190,Agresti
1191,Chachra
1192,Dent
1193,Morrison
1194,Vernon
1195,Peterson
1196,Hayes
1197,Merritt
1198,Davisson
1199,Nigam
1200,Shea
1201,Grove
1202,Mitchell
1203,Harp
1204,Messick
1205,McKee
1206,Riley
1207,Koenig
1208,Brody
1209,Merritt
1210,Comdet
1211,Wilson
1212,Cholette
1213,Corn
1214,Vernon
1215,Brown
1216,Grove
1217,Mitchell
1218,Lawyeraau
1219,Peterson
1220,Riley
1221,Agresti
1222,Riley
1223,Agresti
1224,Ashbacher
1225,Chell
1226,Power
1227,Power
1228,Brody
1229,McKee
1230,Robert
1231,Power
1232,Vernon
1233,Brown
1234,Riley
1235,Mahlers2nd
1236,Sherwin
1237,Lawyeraau
1238,Power
1239,Engineer
1240,McKee
1241,Riley
1242,Robert
1243,Mahlers2nd
1244,Comdet
1245,Harp
1246,Chachra
1247,Koenig
1248,Mark
1249,Taylor
1250,Hayes
1251,Wilson
1252,Riley
1253,Johnson
1254,Janson
1255,Brody
1256,Sherwin
1257,McKee
1258,Mahlers2nd
1259,McKee
1260,Corn
1261,Lovitt
1262,Walters
1263,Riley
1264,Dent
1265,McKee
1266,Power
1267,Wilson
1268,Lovitt
1269,Cholette
1270,Vernon
1271,Brown
1272,McKee
1273,Janson
1274,Riley
1275,Cholette
1276,Vernon
1277,Peterson
1278,Blankenship
1279,Cutey
1280,Neal
1281,Messick
1282,Ashbacher
1283,Brown
1284,Shea
1285,Grove
1286,Auken
1287,Hayes
1288,Shea
1289,Corn
1290,Chachra
1291,Vernon
1292,Kolln
1293,Auken
1294,Brown
1295,Chandler
1296,Taylor
1297,Cholette
1298,McKee
1299,McKee
1300,Shea
1301,Merritt
1302,Shea
1303,Comdet
1304,Janson
1305,Chachra
1306,Cholette
1307,Chell
1308,Kolln
1309,Riley
1310,Ashbacher
1311,Peterson
1312,Chell
1313,Mahlers2nd
1314,Mark
1315,Lawyeraau
1316,Merritt
1317,CFH
1318,Brody
1319,Harp
1320,Cutey
1321,Ashbacher
1322,Lawyeraau
1323,Messick
1324,Cholette
1325,Bukowsky
1326,Lawyeraau
1327,Cutey
1328,Dent
1329,Chandler
1330,Auken
1331,Lovitt
1332,Bukowsky
1333,Neal
1334,Shea
1335,Janson
1336,Corn
1337,Kolln
1338,Comdet
1339,Ashbacher
1340,Chachra
1341,Shea
1342,Messick
1343,Auken
1344,Shea
1345,Morrison
1346,Shea
1347,Mahlers2nd
1348,Peterson
1349,Chell
1350,Lovitt
1351,Agresti
1352,McKee
1353,Taylor
1354,Bukowsky
1355,Chachra
1356,Chachra
1357,Cutey
1358,Lee
1359,Cutey
1360,Blankenship
1361,Agresti
1362,Harp
1363,Corn
1364,Merritt
1365,Ashbacher
1366,Davisson
1367,Mitchell
1368,Brody
1369,Vernon
1370,Mahlers2nd
1371,Brody
1372,Merritt
1373,Engineer
1374,Mark
1375,Harp
1376,Cutey
1377,Power
1378,Koenig
1379,Cutey
1380,Kolln
1381,Messick
1382,McKee
1383,CFH
1384,Shea
1385,Grove
1386,Cholette
1387,Agresti
1388,Vision
1389,Agresti
1390,Kolln
1391,Kolln
1392,Engineer
1393,Koenig
1394,Taylor
1395,Chachra
1396,Corn
1397,Merritt
1398,Shea
1399,Morrison
1400,Bukowsky
1401,Janson
1402,Cholette
1403,Dent
1404,Mark
1405,Shea
1406,Engineer
1407,Sherwin
1408,Dent
1409,Vision
1410,Goonan
1411,Ashbacher
1412,McKee
1413,Dent
1414,Shea
1415,Kolln
1416,Riley
1417,Harp
1418,Engineer
1419,Ashbacher
1420,Hayes
1421,Vernon
1422,Bukowsky
1423,Messick
1424,Vernon
1425,Robert
1426,Cutey
1427,Wilson
1428,Lovitt
1429,Robert
1430,Robert
1431,Blankenship
1432,Chell
1433,Kolln
1434,Power
1435,Mahlers2nd
1436,Sherwin
1437,Sherwin
1438,Davisson
1439,Davisson
1440,CFH
1441,Shea
1442,Comdet
1443,Davisson
1444,Lee
1445,Bukowsky
1446,Bukowsky
1447,Riley
1448,Brody
1449,Engineer
1450,Kolln
1451,Lovitt
1452,Walters
1453,Goonan
1454,Corn
1455,Kolln
1456,Sherwin
1457,Dent
1458,Nigam
1459,Grove
1460,Engineer
1461,Mark
1462,Chell
1463,Walters
1464,Cutey
1465,Riley
1466,Mahlers2nd
1467,Davisson
1468,Cutey
1469,Kolln
1470,Lawyeraau
1471,Morrison
1472,Goonan
1473,McKee
1474,Merritt
1475,Merritt
1476,Mahlers2nd
1477,Nigam
1478,Riley
1479,Chell
1480,Mark
1481,Engineer
1482,Dent
1483,Lawyeraau
1484,Grove
1485,Brody
1486,Lee
1487,Chell
1488,Johnson
1489,Comdet
1490,Harp
1491,Goonan
1492,Lovitt
1493,Davisson
1494,Goonan
1495,Corn
1496,Mark
1497,Lawyeraau
1498,Grove
1499,Peterson
